City_ID,City,Lat,Lng,Max Temp,Humidity,Cloudiness,Wind Speed,Country,Date
0,boyalik,41.2634,28.6314,72.77,10,3,6.17,TR,1717300602
1,at taj,24.2049,23.2857,81.72,20,29,8.43,LY,1717300602
2,takoradi,4.8845,-1.7554,78.06,89,100,7.78,GH,1717300602
3,post,33.1909,-101.3782,74.97,75,74,6.71,US,1717300602
4,minas de marcona,-15.2119,-75.1103,52.93,91,35,7.87,PE,1717300602
5,klaksvik,62.2266,-6.589,50.92,93,100,11.81,FO,1717300603
6,nuku'alofa,-21.1333,-175.2,77.34,65,40,12.66,TO,1717300603
7,bilibino,68.0546,166.4372,47.7,46,26,6.71,RU,1717300603
8,ancud,-41.8697,-73.8203,41.76,92,18,6.98,CL,1717300603
9,grytviken,-54.2811,-36.5092,25.39,82,14,10.38,GS,1717300603
10,mount gambier,-37.8333,140.7667,56.3,50,28,6.38,AU,1717300603
11,port-aux-francais,-49.35,70.2167,34.48,74,13,47.92,TF,1717300603
12,cam ranh,11.9214,109.1591,94.96,49,0,9.22,VN,1717300603
13,ushuaia,-54.8,-68.3,37.06,75,0,18.41,AR,1717300497
14,udachny,66.4167,112.4,50.45,38,96,6.26,RU,1717300604
15,margaret river,-33.95,115.0667,60.01,71,79,21.32,AU,1717300604
16,west island,-12.1568,96.8225,82.38,78,40,16.11,CC,1717300604
17,reggane,26.7158,0.1714,82.63,19,0,7.14,DZ,1717300604
18,arraial do cabo,-22.9661,-42.0278,72.25,72,52,17.58,BR,1717300388
19,adamstown,-25.066,-130.1015,71.62,79,96,15.32,PN,1717300604
20,yellowknife,62.456,-114.3525,43.32,95,100,13.8,CA,1717300604
21,nemuro,43.3236,145.575,47.35,74,97,11.18,JP,1717300476
22,afaahiti,-17.75,-149.2833,78.67,69,7,2.93,PF,1717300605
23,urangan,-25.3,152.9,69.21,67,100,11.01,AU,1717300605
24,kodiak,57.79,-152.4072,45.91,81,100,13.8,US,1717300605
25,papatowai,-46.5619,169.4708,49.44,75,19,12.84,NZ,1717300605
26,blackmans bay,-43.0167,147.3167,52.74,66,6,2.04,AU,1717300605
27,marsh harbour,26.5412,-77.0636,77.14,71,100,19.04,BS,1717300605
28,ust-nera,64.5667,143.2,58.59,28,99,2.08,RU,1717300605
29,xilin hot,43.9667,116.0333,74.19,17,0,11.59,CN,1717300605
30,albany,42.6001,-73.9662,63.79,63,84,1.99,US,1717300316
31,uturoa,-16.7333,-151.4333,80.73,66,8,9.51,PF,1717300606
32,dwarka,22.2394,68.9678,87.39,62,95,14.36,IN,1717300606
33,victoria,22.2855,114.1577,88.43,83,95,8.99,HK,1717300254
34,klyuchi,52.2667,79.1667,60.12,41,97,13.27,RU,1717300606
35,isangel,-19.55,169.2667,76.1,78,11,20.36,VU,1717300606
36,nyurba,63.2842,118.3319,71.51,58,100,4.88,RU,1717300606
37,hawaiian paradise park,19.5933,-154.9731,78.31,82,100,11.5,US,1717300607
38,ribeira brava,32.65,-17.0667,68.72,82,100,1.41,PT,1717300607
39,puerto natales,-51.7236,-72.4875,34.11,90,94,3.47,CL,1717300321
40,egersund,58.4513,5.9997,55.09,91,3,17.07,NO,1717300607
41,nishinoomote,30.7333,131.0,73.96,68,75,14.97,JP,1717300607
42,hami,42.8,93.45,82.74,14,25,8.23,CN,1717300607
43,naracoorte,-36.9579,140.7383,56.86,52,35,9.08,AU,1717300607
44,ulladulla,-35.35,150.4667,60.76,54,90,17.96,AU,1717300607
45,waitangi,-43.9535,-176.5597,47.82,76,100,5.99,NZ,1717300608
46,puerto carreno,6.189,-67.4859,77.83,91,90,2.04,CO,1717300608
47,port mathurin,-19.6833,63.4167,76.5,73,55,20.45,MU,1717300608
48,puerto ayora,-0.7393,-90.3518,69.55,97,65,6.15,EC,1717300608
49,happy valley-goose bay,53.3168,-60.3315,50.31,50,20,4.61,CA,1717300344
50,santa cruz,-17.8,-63.1667,65.66,94,0,5.75,BO,1717300411
51,invercargill,-46.4,168.35,51.03,80,26,14.0,NZ,1717300608
52,zvishavane,-20.3267,30.0665,55.49,42,0,1.86,ZW,1717300609
53,scarborough,54.2797,-0.4044,46.65,90,5,5.99,GB,1717300491
54,carnarvon,-24.8667,113.6333,73.33,64,100,24.27,AU,1717300609
55,alice springs,-23.7,133.8833,63.95,45,7,13.8,AU,1717300609
56,edinburgh of the seven seas,-37.0676,-12.3116,56.66,87,94,11.68,SH,1717300609
57,ribeira grande,38.5167,-28.7,66.78,88,65,11.01,PT,1717300609
58,bethel,41.3712,-73.414,66.07,74,0,4.61,US,1717300609
59,tofol,5.3248,163.0078,87.58,70,75,6.91,FM,1717300609
60,ciudad lazaro cardenas,17.9583,-102.2,79.7,76,53,2.57,MX,1717300610
61,iskateley,67.6803,53.1512,32.05,88,84,4.47,RU,1717300610
62,bani walid,31.7566,13.9942,79.05,41,38,3.49,LY,1717300610
63,penzance,50.1186,-5.5371,58.75,90,32,8.25,GB,1717300610
64,miquelon,47.0975,-56.3814,44.6,100,100,20.58,PM,1717300610
65,mount isa,-20.7333,139.5,71.37,33,0,9.22,AU,1717300610
66,whitehorse,60.7161,-135.0538,55.02,35,75,16.11,CA,1717300610
67,daru,-9.0763,143.2092,80.71,74,36,11.77,PG,1717300610
68,olonkinbyen,70.9221,-8.7187,33.08,85,100,10.76,SJ,1717300611
69,egilsstadir,65.2653,-14.3948,48.11,71,75,2.3,IS,1717300611
70,utrik,11.2278,169.8474,83.17,80,6,15.17,MH,1717300611
71,wamba,8.9333,8.6,71.22,93,100,9.73,NG,1717300611
72,talnakh,69.4865,88.3972,28.2,99,68,3.29,RU,1717300611
73,leo,11.1,-2.1,81.07,70,15,8.9,BF,1717300611
74,luderitz,-26.6481,15.1594,50.61,73,47,5.26,NA,1717300611
75,peace river,56.2501,-117.286,61.11,47,40,5.75,CA,1717300611
76,vung tau,10.346,107.0843,86.2,65,100,5.14,VN,1717300612
77,lompoc,34.6391,-120.4579,57.78,84,0,13.8,US,1717300612
78,loen,7.7601,168.2307,83.82,76,31,13.8,MH,1717300612
79,micheweni,-4.9667,39.8333,77.63,86,44,8.72,TZ,1717300612
80,cole harbour,44.6724,-63.4751,47.98,87,82,19.57,CA,1717300612
81,weno,7.4515,151.8468,82.49,76,100,8.14,FM,1717300612
82,champerico,14.3,-91.9167,84.04,77,100,3.47,GT,1717300612
83,morococha,-11.5997,-76.1411,34.45,59,0,2.26,PE,1717300613
84,bredasdorp,-34.5322,20.0403,54.59,96,51,9.6,ZA,1717300613
85,wattegama,6.7989,81.4808,85.17,69,95,14.97,LK,1717300613
86,susuman,62.7833,148.1667,49.98,46,53,11.99,RU,1717300613
87,tiksi,71.6872,128.8694,41.11,73,85,4.23,RU,1717300613
88,jamestown,42.097,-79.2353,65.84,55,0,4.61,US,1717300242
89,arteche,12.2645,125.4048,89.29,58,85,7.94,PH,1717300613
90,ilhabela,-23.7781,-45.3581,67.33,90,100,4.43,BR,1717300386
91,lihue,21.9789,-159.3672,83.44,70,20,19.57,US,1717300613
92,sinop,41.7711,34.8709,57.63,64,0,7.54,TR,1717300614
93,longyearbyen,78.2186,15.6401,37.24,87,75,6.91,SJ,1717300508
94,waddan,29.1614,16.139,81.59,37,61,10.67,LY,1717300614
95,kalkaman,51.9525,76.0211,56.88,50,100,13.47,KZ,1717300614
96,vila velha,-20.3297,-40.2925,66.15,100,40,4.61,BR,1717300499
97,wewak,-3.5534,143.6268,86.67,66,39,5.59,PG,1717300614
98,tazovsky,67.4667,78.7,29.12,92,97,16.26,RU,1717300614
99,iqaluit,63.7506,-68.5145,29.93,86,100,5.75,CA,1717300615
100,aitape,-3.1374,142.3475,87.94,66,26,9.64,PG,1717300615
101,bandon,51.7469,-8.7425,51.39,89,53,7.65,IE,1717300615
102,ouadda,8.0777,22.4007,66.79,98,91,3.69,CF,1717300615
103,sao felix do xingu,-6.6447,-51.995,74.52,80,39,1.59,BR,1717300615
104,chico,39.7285,-121.8375,85.89,47,80,13.87,US,1717300550
105,port hedland,-20.3167,118.5667,77.05,88,75,18.41,AU,1717300615
106,hammerfest,70.6634,23.6821,46.85,93,75,5.75,NO,1717300615
107,avarua,-21.2078,-159.775,73.45,64,20,3.44,CK,1717300616
108,malvan,16.0667,73.4667,87.13,72,58,7.92,IN,1717300616
109,georgetown,5.4112,100.3354,87.73,70,20,2.3,MY,1717300328
110,pisco,-13.7,-76.2167,62.65,82,100,3.44,PE,1717300442
111,t'aebaek,37.1759,128.9889,56.89,80,55,4.65,KR,1717300616
112,lucapa,-8.4192,20.7447,66.67,49,88,2.08,AO,1717300616
113,dudinka,69.4058,86.1778,28.67,94,54,24.0,RU,1717300616
114,dapa,9.7594,126.0531,86.09,63,99,8.3,PH,1717300616
115,saldanha,-33.0117,17.9442,42.85,78,56,3.69,ZA,1717300617
116,binbrook,43.121,-79.804,63.09,72,100,4.61,CA,1717300617
117,anadyr,64.75,177.4833,39.7,69,75,11.18,RU,1717300617
118,taoudenni,22.6783,-3.9836,84.72,20,0,8.61,ML,1717300617
119,kamennomostskiy,44.2983,40.1856,60.31,67,0,2.77,RU,1717300617
120,enewetak,11.3474,162.3373,82.74,81,99,13.62,MH,1717300617
121,afif,23.9065,42.9172,86.58,13,0,14.99,SA,1717300618
122,wailua homesteads,22.0669,-159.378,82.83,77,20,19.57,US,1717300618
123,shohimardon,39.9839,71.8028,70.57,37,2,5.5,UZ,1717300618
124,saipan,15.1355,145.701,90.3,62,20,6.91,MP,1717300618
125,lewistown,40.5992,-77.5714,61.61,88,0,0.0,US,1717300618
126,thompson,55.7435,-97.8558,46.56,81,75,4.61,CA,1717299941
127,page,36.9147,-111.4558,89.38,6,0,10.36,US,1717300448
128,shubarshi,48.5872,57.1869,76.23,43,100,5.59,KZ,1717300619
129,hermanus,-34.4187,19.2345,55.8,88,41,11.68,ZA,1717300619
130,colonia,50.9333,6.95,58.24,85,75,11.5,DE,1717300374
131,yenisarbademli,37.7078,31.3864,61.3,57,1,3.89,TR,1717300619
132,kinel'-cherkassy,53.4706,51.4743,69.89,74,47,9.06,RU,1717300619
133,san antonio de pale,-1.4014,5.6325,79.12,72,99,13.29,GQ,1717300619
134,punta arenas,-53.15,-70.9167,28.51,93,0,6.91,CL,1717300345
135,krosno,49.6887,21.7706,59.63,86,46,6.51,PL,1717300620
136,polyarnyy,69.1989,33.4478,42.26,94,99,9.13,RU,1717300620
137,dryden,49.7833,-92.7503,59.29,51,0,5.75,CA,1717300620
138,lagodekhi,41.8268,46.2767,63.5,77,94,2.01,GE,1717300620
139,lebu,-37.6167,-73.65,47.66,80,96,7.45,CL,1717300620
140,khovd,48.0056,91.6419,68.81,17,3,6.15,MN,1717300620
141,borogontsy,62.6683,131.1683,68.38,21,6,5.39,RU,1717300620
142,east ballina,-28.8667,153.5833,69.8,64,30,3.71,AU,1717300621
143,port-gentil,-0.7193,8.7815,79.21,78,100,13.76,GA,1717300621
144,saudarkrokur,65.7461,-19.6394,43.9,81,25,12.66,IS,1717300621
145,natal,-5.795,-35.2094,77.65,94,100,6.91,BR,1717300335
146,keflavik,64.0049,-22.5624,46.31,76,100,21.85,IS,1717300621
147,bandar labuan,5.2888,115.2692,89.96,70,20,2.3,MY,1717300621
148,kerman,30.2832,57.0788,69.66,28,0,4.61,IR,1717300621
149,kharan,28.5833,65.4167,89.37,7,0,8.86,PK,1717300621
150,santa cruz de tenerife,28.4682,-16.2546,68.31,94,100,20.71,ES,1717300622
151,mbala,-8.8402,31.3659,56.53,80,46,6.53,ZM,1717300622
152,ituango,7.1712,-75.764,68.14,99,88,0.98,CO,1717300622
153,nyagan,62.1406,65.3936,41.5,58,85,5.17,RU,1717300622
154,persembe,41.0656,37.7714,65.55,53,0,4.61,TR,1717300622
155,touros,-5.1989,-35.4608,76.14,91,43,9.17,BR,1717300622
156,lobujya,27.95,86.8167,30.94,88,99,6.02,NP,1717300622
157,hamilton,39.1834,-84.5333,65.39,89,100,16.11,US,1717300623
158,qaqortoq,60.7167,-46.0333,35.02,98,100,5.64,GL,1717300623
159,forster,-32.1667,152.5167,60.39,76,91,13.56,AU,1717300623
160,yermolayevo,52.7167,55.8,67.23,70,48,1.57,RU,1717300623
161,ostrogozhsk,50.8664,39.0756,67.59,76,10,4.25,RU,1717300623
162,pokachi,61.7198,75.3683,39.51,58,82,10.89,RU,1717300623
163,alofi,-19.0595,-169.9187,71.49,83,20,12.66,NU,1717300623
164,makurazaki,31.2667,130.3167,70.2,67,100,10.78,JP,1717300623
165,bryne,58.7354,5.6477,54.95,89,55,16.11,NO,1717300624
166,carauari,-4.8828,-66.8958,77.83,77,97,1.21,BR,1717300624
167,dazuocun,24.8862,118.9643,70.97,96,100,29.55,CN,1717300624
168,vieux-habitants,16.0589,-61.7659,81.72,81,78,12.28,GP,1717300624
169,kirensk,57.7853,108.1119,47.97,90,100,1.99,RU,1717300624
170,nuriootpa,-34.4833,139.0,58.55,43,0,7.18,AU,1717300624
171,lagos,6.5833,3.75,78.93,91,84,4.45,NG,1717300466
172,stanley,54.868,-1.6985,42.82,96,4,2.3,GB,1717300624
173,lerwick,60.1545,-1.1494,51.8,85,94,12.8,GB,1717300624
174,lazaro cardenas,17.9583,-102.2,79.7,76,53,2.57,MX,1717300610
175,vilyuchinsk,52.9306,158.4028,61.07,59,29,5.75,RU,1717300625
176,isafjordur,66.0755,-23.124,40.26,82,100,10.63,IS,1717300625
177,kruisfontein,-34.0033,24.7314,60.89,90,100,25.48,ZA,1717300625
178,sisimiut,66.9395,-53.6735,26.11,80,28,5.97,GL,1717300625
179,uzice,43.8586,19.8488,59.04,85,85,4.0,RS,1717300625
180,yatou,37.15,122.3833,82.27,28,100,4.61,CN,1717300626
181,turinsk,58.0458,63.696,57.13,48,66,5.7,RU,1717300626
182,kudymkar,59.0173,54.656,63.45,53,36,3.85,RU,1717300626
183,port saint john's,-31.6229,29.5448,65.59,92,100,7.87,ZA,1717300626
184,aasiaat,68.7098,-52.8699,27.23,77,100,7.45,GL,1717300626
185,santana,-0.0583,-51.1817,80.78,89,20,4.61,BR,1717300626
186,lensk,60.7253,114.9278,71.2,37,100,4.29,RU,1717300626
187,port elizabeth,-33.918,25.5701,63.1,88,100,25.32,ZA,1717300626
188,saint-pierre,-21.3393,55.4781,69.48,60,0,9.22,RE,1717300627
189,woodlake,37.4211,-77.6793,67.06,79,0,0.0,US,1717300627
190,sitangkai,4.6628,119.3928,84.83,70,90,3.24,PH,1717300627
191,atafu village,-8.5421,-172.5159,83.61,73,20,3.98,TK,1717300627
192,yaren,-0.5472,166.916,84.51,74,18,12.97,NR,1717300627
193,badger,64.8,-147.5333,75.11,33,40,8.05,US,1717300627
194,moose jaw,50.4001,-105.5344,57.45,35,42,5.75,CA,1717300627
195,ilulissat,69.2167,-51.1,21.22,85,97,4.79,GL,1717300627
196,yamada,39.4667,141.95,56.08,95,100,4.99,JP,1717300628
197,chonchi,-42.6128,-73.8092,42.01,95,36,1.39,CL,1717300628
198,kozhevnikovo,56.2589,83.9714,61.25,52,33,8.41,RU,1717300628
199,harper,4.375,-7.7169,77.13,92,100,6.24,LR,1717300628
200,ambovombe,-25.1667,46.0833,65.68,53,0,4.03,MG,1717300628
201,hithadhoo,-0.6,73.0833,85.32,69,67,13.06,MV,1717300628
202,vera,-29.4593,-60.2126,63.03,89,28,8.81,AR,1717300628
203,buchanan,5.8808,-10.0467,76.98,92,100,2.21,LR,1717300628
204,new plymouth,-39.0667,174.0833,58.32,68,100,9.98,NZ,1717300629
205,mejit,10.2753,170.8646,82.98,80,15,15.01,MH,1717300629
206,walvis bay,-22.9575,14.5053,41.95,70,0,5.75,NA,1717300629
207,victoria point,-27.5833,153.3,73.56,58,59,1.99,AU,1717300629
208,turpan,42.9333,89.1667,90.27,16,21,4.83,CN,1717300629
209,big spring,32.2504,-101.4787,82.85,57,0,18.41,US,1717300433
210,demirci,39.0461,28.6589,67.32,48,2,4.38,TR,1717300629
211,petropavlovsk-kamchatsky,53.0452,158.6483,59.59,36,20,13.42,RU,1717300630
212,sarmanovo,55.2553,52.5891,70.48,69,0,7.52,RU,1717300630
213,hilsa,25.3167,85.2833,91.33,29,98,3.47,IN,1717300630
214,fortuna,40.5982,-124.1573,57.92,89,100,6.91,US,1717300630
215,bardai,11.65,7.2333,78.75,66,39,9.64,NG,1717300630
216,aksu,41.1231,80.2644,70.41,36,100,2.8,CN,1717300631
217,axim,4.8699,-2.2405,78.44,88,100,7.7,GH,1717300631
218,bonthe,7.5264,-12.505,78.4,89,100,1.77,SL,1717300631
219,livingstone,-17.8419,25.8543,58.46,58,0,3.36,ZM,1717300631
220,bubaque,11.2833,-15.8333,78.6,79,92,16.2,GW,1717300631
221,port macquarie,-31.4333,152.9167,63.9,85,74,9.44,AU,1717300632
222,kayangel,8.0823,134.7173,84.11,75,79,3.58,PW,1717300632
223,querqueville,49.6625,-1.6912,53.28,87,20,5.75,FR,1717300632
224,road town,18.4167,-64.6167,81.34,80,100,18.1,VG,1717300632
225,vadso,70.0744,29.7487,43.68,100,100,6.91,NO,1717300632
226,caconda,-13.7333,15.0667,45.18,71,0,5.48,AO,1717300632
227,freetown,8.484,-13.2299,80.31,83,75,9.22,SL,1717300632
228,aosta,45.7667,7.4167,41.99,76,61,2.48,IT,1717300633
229,loch garman,52.3342,-6.4575,52.21,100,7,5.01,IE,1717300633
230,fale old settlement,-9.3852,-171.2468,84.38,71,87,6.87,TK,1717300633
231,morehead city,34.7229,-76.726,73.4,70,0,5.99,US,1717300573
232,mahdia,35.5047,11.0622,71.55,89,31,9.48,TN,1717300633
233,sparti,37.0733,22.4297,66.96,53,9,2.13,GR,1717300633
234,roma,43.2128,-75.4557,58.73,73,0,4.61,US,1717300633
235,college,64.8569,-147.8028,75.18,30,100,8.05,US,1717300633
236,pindushi,62.9152,34.58,64.31,78,79,5.06,RU,1717300634
237,arkalyk,50.2486,66.9114,56.28,66,0,13.15,KZ,1717300634
238,rio gallegos,-51.6226,-69.2181,33.85,93,75,11.5,AR,1717300454
239,soio,-6.1349,12.3689,74.53,81,35,7.27,AO,1717300634
240,port alfred,-33.5906,26.891,60.19,100,100,11.01,ZA,1717300634
241,bikenibeu village,1.3673,173.1241,87.76,70,40,12.66,KI,1717300634
242,cockburn town,21.4612,-71.1419,81.28,75,100,14.03,TC,1717300634
243,north bay,46.3168,-79.4663,57.22,71,100,2.3,CA,1717300061
244,amursk,50.2261,136.8994,53.98,66,96,21.05,RU,1717300635
245,mar del plata,-38.0023,-57.5575,49.08,89,0,4.61,AR,1717300545
246,bandar-e lengeh,26.5579,54.8807,89.71,74,0,6.91,IR,1717300635
247,sabang,5.8933,95.3214,86.14,63,100,2.15,ID,1717300527
248,chernyshevsk,52.5243,117.0174,81.07,25,25,6.6,RU,1717300635
249,codrington,-38.2667,141.9667,54.52,67,100,9.48,AU,1717300635
250,genhe,50.7833,121.5167,79.32,20,51,8.55,CN,1717300635
251,west mersea,51.778,0.9187,53.96,94,6,12.03,GB,1717300635
252,tolanaro,-25.0319,46.9987,59.07,94,0,0.0,MG,1717300635
253,namtsy,62.7161,129.6658,71.17,19,4,7.61,RU,1717300636
254,villajoyosa,38.5075,-0.2335,66.94,73,50,11.81,ES,1717300636
255,magadan,59.5667,150.8,60.53,54,92,7.49,RU,1717300582
256,las terrenas,19.311,-69.5428,78.33,89,99,4.32,DO,1717300636
257,tarko-sale,64.9225,77.785,33.6,77,100,23.67,RU,1717300636
258,yemetsk,63.4721,41.7941,69.1,63,38,5.14,RU,1717300636
259,usinsk,65.9939,57.5281,37.9,69,45,5.5,RU,1717300636
260,taunggyi,20.7833,97.0333,77.11,73,99,5.44,MM,1717300637
261,castillos,-34.1667,-53.8333,53.64,97,70,6.2,UY,1717300637
262,northam,51.0333,-4.2167,55.65,88,29,4.07,GB,1717300637
263,san cristobal,7.7669,-72.225,77.18,99,100,5.21,VE,1717300637
264,brisas de zicatela,15.8369,-97.0419,83.48,73,100,4.7,MX,1717300637
265,howard springs,-12.497,131.047,85.98,67,0,10.69,AU,1717300637
266,la libertad,-2.2333,-80.9,71.56,87,100,12.73,EC,1717300638
267,jiuquan,39.7432,98.5174,79.34,13,23,8.97,CN,1717300638
268,new norfolk,-42.7826,147.0587,53.92,53,5,1.25,AU,1717300638
269,lecheng,25.1238,113.3254,80.51,80,88,5.41,CN,1717300638
270,jangipur,24.4667,88.0667,94.01,57,18,8.79,IN,1717300638
271,chitipa,-9.7024,33.2697,55.22,95,20,4.43,MW,1717300638
272,le port,-20.9373,55.2919,71.56,66,6,6.29,RE,1717300568
273,jiaxing,30.7522,120.75,75.04,53,69,11.95,CN,1717300638
274,nova sintra,14.8667,-24.7167,74.98,75,7,9.24,CV,1717300639
275,n'zeto,-7.2312,12.8666,72.91,84,54,7.2,AO,1717300639
276,fedorovskiy,45.0972,40.9517,65.48,74,0,5.64,RU,1717300639
277,dongola,19.1667,30.4833,81.72,17,27,10.33,SD,1717300639
278,boca suno,-0.7167,-77.1333,72.75,97,100,1.25,EC,1717300639
279,grants,35.1473,-107.8514,71.83,8,0,6.91,US,1717300639
280,taksimo,56.3444,114.8794,75.51,40,97,3.62,RU,1717300639
281,sambava,-14.2667,50.1667,74.01,87,57,11.92,MG,1717300640
282,singaraja,-8.112,115.0882,84.31,79,72,0.04,ID,1717300640
283,east london,-33.0153,27.9116,63.54,100,100,18.41,ZA,1717300640
284,basco,20.4487,121.9702,85.26,75,81,10.2,PH,1717300640
285,queenstown,-31.8976,26.8753,52.21,94,100,6.89,ZA,1717300640
286,cidreira,-30.1811,-50.2056,59.41,79,1,3.2,BR,1717300640
287,pechora,65.1472,57.2244,37.85,92,40,5.01,RU,1717300640
288,xichang,27.8964,102.2634,63.48,90,100,1.99,CN,1717300640
289,haiku-pauwela,20.9219,-156.3051,78.82,80,20,26.46,US,1717300641
290,varna,43.2167,27.9167,70.88,88,19,2.3,BG,1717300547
291,ilabaya,-17.4208,-70.5133,64.92,36,0,1.05,PE,1717300641
292,yuzhno-kurilsk,44.0306,145.8556,50.38,58,67,10.56,RU,1717300641
293,salmon arm,50.6998,-119.3024,60.12,82,100,1.14,CA,1717300451
294,junction city,39.0286,-96.8314,75.06,73,0,6.91,US,1717300510
295,manokwari,-0.8667,134.0833,83.12,74,82,5.44,ID,1717300641
296,quellon,-43.1167,-73.6167,43.05,87,28,5.37,CL,1717300641
297,gangneung,37.7556,128.8961,64.96,82,100,5.23,KR,1717300642
298,kuqa,41.7278,82.9364,75.27,26,63,3.87,CN,1717300642
299,sakakah,29.9697,40.2064,76.57,17,0,8.97,SA,1717300642
300,farafangana,-22.8167,47.8333,68.79,88,15,4.09,MG,1717300642
301,kone,-21.0595,164.8658,81.14,56,4,11.92,NC,1717300642
302,sao miguel do araguaia,-13.275,-50.1628,70.66,46,0,6.24,BR,1717300642
303,leava,-14.3,-178.1667,82.04,76,61,23.2,WF,1717300642
304,selfoss,63.9331,-20.9971,45.05,86,49,19.04,IS,1717300643
305,horta,38.5333,-28.6333,66.02,88,69,11.01,PT,1717300643
306,degerfors,59.238,14.4308,62.69,77,19,4.74,SE,1717300643
307,netanya,32.3329,34.8599,68.95,74,0,6.67,IL,1717300643
308,richards bay,-28.783,32.0377,66.47,88,71,4.61,ZA,1717300643
309,huarmey,-10.0681,-78.1522,63.91,86,9,7.18,PE,1717300643
310,vilyuysk,63.7553,121.6247,75.99,32,97,8.01,RU,1717300643
311,acapulco de juarez,16.8634,-99.8901,77.88,76,100,3.38,MX,1717300532
312,tannum sands,-23.9504,151.3693,77.76,49,75,9.22,AU,1717300643
313,cooma,-36.2333,149.1333,43.83,76,98,12.48,AU,1717300644
314,muroto-misakicho,33.2833,134.15,70.86,76,100,18.43,JP,1717300644
315,palmer,42.1584,-72.3287,63.86,73,0,0.0,US,1717300644
316,tual,-5.6667,132.75,81.88,83,55,21.18,ID,1717300644
317,safaga,26.7292,33.9365,83.95,33,0,18.19,EG,1717300644
318,gandajika,-6.75,23.95,70.54,82,80,2.01,CD,1717300644
319,banda aceh,5.5577,95.3222,86.74,55,100,2.93,ID,1717300644
320,briancon,44.9,6.65,47.5,94,20,4.5,FR,1717300645
321,sao jose da coroa grande,-8.8978,-35.1478,77.02,87,23,9.06,BR,1717300645
322,kuruman,-27.4524,23.4325,47.98,53,99,5.82,ZA,1717300645
323,bengkulu,-3.8004,102.2655,82.62,84,64,2.75,ID,1717300645
324,bullsbrook,-31.6667,116.0,68.05,56,100,19.57,AU,1717300645
325,zapadnaya dvina,56.259,32.0745,63.01,86,98,2.93,RU,1717300645
326,kandyagash,49.4744,57.4233,74.03,50,100,4.7,KZ,1717300645
327,mandalgovi,45.7625,106.2708,68.52,28,55,15.39,MN,1717300646
328,pontes e lacerda,-15.2261,-59.3353,67.21,63,34,2.64,BR,1717300646
329,ebolowa,2.9,11.15,70.09,100,100,0.74,CM,1717300646
330,arkhangel'sk,64.5401,40.5433,68.11,64,0,6.71,RU,1717300646
331,tura,25.5198,90.2201,83.66,81,19,5.77,IN,1717300646
332,la passe,45.5549,-0.8967,57.43,88,88,10.2,FR,1717300646
333,mana,5.6592,-53.7767,77.5,91,100,6.2,GF,1717300646
334,asaita,11.5636,41.4394,90.57,34,62,2.93,ET,1717300646
335,tommot,58.9564,126.2925,68.83,40,10,11.43,RU,1717300647
336,talcahuano,-36.7167,-73.1167,44.28,81,94,3.44,CL,1717300647
337,sungurlu,40.1675,34.3739,67.84,50,0,1.52,TR,1717300647
338,san patricio,28.017,-97.5169,84.15,84,14,12.06,US,1717300647
339,kameda-honcho,37.8667,139.1167,61.92,94,75,6.91,JP,1717300647
340,saint-joseph,-21.3667,55.6167,68.38,70,10,3.67,RE,1717300647
341,ponta delgada,37.7333,-25.6667,65.19,82,40,5.75,PT,1717300635
342,saryaghash,41.45,69.1667,80.53,22,52,3.91,KZ,1717300647
343,medina,24.4686,39.6142,93.63,9,0,18.41,SA,1717300648
344,mirny,62.5353,113.9611,63.59,33,45,6.44,RU,1717300648
345,saguenay,48.4168,-71.0657,60.91,41,40,13.8,CA,1717300648
346,tsiombe,-25.3,45.4833,64.6,67,0,1.05,MG,1717300648
347,borgarnes,64.5383,-21.9206,46.45,86,99,14.36,IS,1717300648
348,malibu,34.005,-118.8101,64.85,90,1,3.0,US,1717300482
349,nantucket,41.2835,-70.0995,57.25,82,0,13.8,US,1717300649
350,margate,51.3813,1.3862,53.91,76,76,8.99,GB,1717300168
351,mata-utu,-13.2816,-176.1745,81.97,76,100,14.2,WF,1717300649
352,waingapu,-9.6567,120.2641,86.27,67,47,17.81,ID,1717300649
353,vorkuta,67.5,64.0,23.11,95,82,8.99,RU,1717300649
354,port lincoln,-34.7333,135.8667,57.54,58,71,13.24,AU,1717300649
355,flying fish cove,-10.4217,105.6791,82.08,83,100,11.5,CX,1717300649
356,cannonvale,-20.2833,148.7,76.59,71,51,7.09,AU,1717300650
357,umluj,25.0213,37.2685,82.89,71,0,5.44,SA,1717300650
358,banikoara,11.2985,2.4386,82.17,67,34,3.42,BJ,1717300650
359,la sarre,48.8002,-79.1996,60.21,68,100,10.02,CA,1717300409
360,dunedin,-45.8742,170.5036,52.81,62,3,3.0,NZ,1717300650
361,bac lieu,9.285,105.7244,90.28,56,100,5.23,VN,1717300650
362,newman,37.3138,-121.0208,79.03,49,0,9.42,US,1717300650
363,tazacorte,28.629,-17.9293,67.17,94,0,6.91,ES,1717300650
364,pskov,57.8136,28.3496,62.28,100,94,5.99,RU,1717300650
365,sao joao da barra,-21.6403,-41.0511,71.85,71,35,8.03,BR,1717300651
366,zheleznogorsk-ilimskiy,56.5768,104.1217,56.37,49,47,1.99,RU,1717300651
367,coxim,-18.5067,-54.76,66.74,54,0,4.65,BR,1717300651
368,taungoo,18.9333,96.4333,81.84,83,100,10.4,MM,1717300651
369,lionel town,17.8101,-77.2406,82.29,84,100,3.27,JM,1717300651
370,mondlo,-27.983,30.7177,53.06,86,90,1.83,ZA,1717300651
371,al mijlad,11.0333,27.7333,85.46,53,99,10.18,SD,1717300651
372,papao,-17.75,-149.55,80.28,71,9,4.43,PF,1717300652
373,ha'il,27.5219,41.6907,77.02,29,0,2.3,SA,1717300652
374,chatillon-sur-seine,47.8585,4.5738,54.86,99,100,6.62,FR,1717300652
375,bamboo flat,11.7,92.7167,77.09,94,100,9.22,IN,1717300652
376,lodwar,3.1191,35.5973,81.79,58,14,11.9,KE,1717300652
377,igarka,67.4667,86.5833,32.02,92,99,13.0,RU,1717300652
378,saint-denis,48.9167,2.3333,55.89,94,100,13.8,FR,1717300652
379,prado,-17.3411,-39.2208,72.07,87,45,9.57,BR,1717300652
380,vorgashor,67.5833,63.95,22.8,95,84,6.58,RU,1717300653
381,antonio enes,-16.2325,39.9086,73.6,86,0,1.28,MZ,1717300653
382,toliara,-23.35,43.6667,70.68,41,0,8.08,MG,1717300653
383,khandyga,62.6667,135.6,68.92,18,3,2.26,RU,1717300653
384,ma'rib,15.4591,45.3253,87.71,15,4,4.32,YE,1717300653
385,south hedland,-20.4089,118.5983,76.93,88,75,18.41,AU,1717300653
386,woolgoolga,-30.1106,153.2007,67.05,64,27,6.49,AU,1717300653
387,rongelap,11.1635,166.8941,82.89,80,26,16.17,MH,1717300654
388,aykhal,66.0,111.5,48.63,37,96,5.79,RU,1717300654
389,callao,-12.0667,-77.15,62.73,88,100,8.05,PE,1717300654
390,tomatlan,19.9333,-105.25,74.89,84,3,2.17,MX,1717300654
391,swakopmund,-22.6833,14.5333,41.85,62,0,5.82,NA,1717300654
392,tashtyp,52.7939,89.8983,59.74,51,90,4.59,RU,1717300654
393,constantia,44.1833,28.65,68.7,85,35,7.45,RO,1717300655
394,zhengjiatun,43.5064,123.5064,72.07,44,18,5.17,CN,1717300655
395,barmer,25.75,71.3833,89.26,48,0,16.4,IN,1717300655
396,monahans,31.5943,-102.8926,83.08,55,88,17.9,US,1717300655
397,nizhniy odes,63.6445,54.856,52.25,54,100,4.23,RU,1717300655
398,ramtown,40.1209,-74.1438,69.76,56,0,6.91,US,1717300656
399,hassi messaoud,31.6804,6.0729,85.86,26,0,10.36,DZ,1717300656
400,nerja,36.7585,-3.8873,68.18,90,79,2.91,ES,1717300656
401,itoman,26.1247,127.6694,73.78,96,75,16.11,JP,1717300656
402,manicore,-5.8092,-61.3003,76.48,77,82,2.53,BR,1717300656
403,megion,61.0296,76.1136,41.02,59,38,13.82,RU,1717300656
404,coahuayana de hidalgo,18.7,-103.6583,76.84,81,19,0.87,MX,1717300656
405,pyt-yakh,60.7499,72.8582,38.66,49,32,8.12,RU,1717300656
406,nelson bay,-32.7167,152.15,61.0,79,100,3.0,AU,1717300657
407,argo,37.6333,22.7333,70.97,57,3,2.13,GR,1717300657
408,grabouw,-34.1515,19.0151,51.46,95,39,7.63,ZA,1717300657
409,kingston,17.997,-76.7936,81.55,74,20,4.61,JM,1717300051
410,tostado,-29.232,-61.7692,64.98,82,30,9.08,AR,1717300657
411,broken hill,-31.95,141.4333,53.64,42,1,14.43,AU,1717300657
412,nouadhibou,20.931,-17.0347,65.64,92,7,17.67,MR,1717300658
413,talakan,50.3167,130.3667,79.75,37,53,7.25,RU,1717300658
414,inhambane,-23.865,35.3833,70.16,86,1,3.98,MZ,1717300658
415,ust'-kut,56.7938,105.7672,44.44,85,100,1.99,RU,1717300552
416,amga,60.8953,131.9608,64.38,21,0,5.57,RU,1717300658
417,hotan,37.0997,79.9269,75.67,22,100,3.56,CN,1717300658
418,chibougamau,49.9168,-74.3659,62.22,77,100,2.3,CA,1717300658
419,ishigaki,24.3448,124.1572,82.53,100,75,9.22,JP,1717300659
420,gainesville,29.6516,-82.3248,75.65,65,76,3.0,US,1717300036
421,tsuruoka,38.7217,139.8217,64.44,82,75,5.75,JP,1717300659
422,havre,49.5833,0.3333,54.0,82,100,11.5,FR,1717300659
423,saint-philippe,-21.3585,55.7679,69.39,72,6,4.29,RE,1717300659
424,puerto deseado,-47.7503,-65.8938,42.53,75,100,26.89,AR,1717300659
425,heber city,40.5069,-111.4132,67.68,39,40,6.91,US,1717300659
426,tralee,52.2704,-9.7026,48.02,95,59,1.54,IE,1717300659
427,swift current,50.2834,-107.8014,59.81,38,0,9.22,CA,1717300660
428,eyl,7.9803,49.8164,83.14,63,0,21.05,SO,1717300660
429,kzyltu,53.6364,72.3414,59.0,47,99,5.48,KZ,1717300660
430,barra de santo antonio,-9.4047,-35.5072,76.28,86,8,11.25,BR,1717300660
431,oceanside,33.1959,-117.3795,64.06,82,100,6.91,US,1717300523
432,steinbach,50.1667,8.5667,62.62,90,98,4.72,DE,1717300660
433,berezovyy,51.6667,135.7,43.3,84,100,6.13,RU,1717300660
434,siocon,7.7061,122.1353,86.04,74,55,5.06,PH,1717300661
435,dosso,13.049,3.1937,89.96,44,75,7.87,NE,1717300661
436,kuala belait,4.5833,114.1833,87.96,82,98,4.47,BN,1717300661
437,portage la prairie,49.9728,-98.2926,55.2,67,6,9.62,CA,1717300661
438,manakara,-22.1333,48.0167,70.41,84,100,2.42,MG,1717300661
439,hobyo,5.3505,48.5268,80.13,81,27,25.1,SO,1717300661
440,saurimo,-9.6608,20.3916,60.62,43,31,1.45,AO,1717300662
441,afonso claudio,-20.0742,-41.1239,59.85,93,7,4.41,BR,1717300662
442,kudahuvadhoo,2.6708,72.8944,84.18,77,79,12.91,MV,1717300662
443,guerrero negro,27.9769,-114.0611,60.82,84,70,14.43,MX,1717300662
444,al kharijah,25.4514,30.5464,80.51,22,0,8.03,EG,1717300662
445,kavieng,-2.5744,150.7967,85.6,67,66,4.25,PG,1717300662
446,barsovo,61.1667,73.1667,41.13,59,52,10.96,RU,1717300662
447,prince george,53.9166,-122.753,53.04,91,0,2.3,CA,1717300649
448,namibe,-15.1961,12.1522,62.98,80,15,5.28,AO,1717300663
449,apolinario saravia,-24.4328,-63.9954,60.73,70,0,4.0,AR,1717300663
450,souillac,-20.5167,57.5167,71.98,83,75,12.66,MU,1717300663
451,naters,46.3254,7.9891,55.45,85,100,0.85,CH,1717300663
452,kapuskasing,49.4169,-82.4331,68.0,45,100,9.22,CA,1717300663
453,xai-xai,-25.0519,33.6442,63.86,86,0,4.52,MZ,1717300663
454,melekeok village,7.4957,134.6367,90.16,70,75,8.05,PW,1717300663
455,melfort,52.8667,-104.6177,55.53,41,17,4.61,CA,1717300664
456,sayyan,15.1718,44.3244,68.79,21,7,3.44,YE,1717300664
457,kinna,57.5073,12.6946,63.75,76,6,3.09,SE,1717300664
458,viedma,-40.8135,-62.9967,42.33,65,37,6.89,AR,1717300481
459,yuzhno-sukhokumsk,44.6581,45.6436,68.9,68,99,13.87,RU,1717300664
460,taltal,-25.4,-70.4833,63.9,67,14,3.15,CL,1717300664
461,floro,61.5996,5.0328,54.23,76,100,9.22,NO,1717300664
462,basudebpur,21.1353,86.7386,96.35,53,55,15.37,IN,1717300664
463,shendi,16.6915,33.4341,86.65,10,7,8.61,SD,1717300665
464,paraiso,9.8383,-83.8656,70.66,100,100,4.5,CR,1717300521
465,richfield,44.8833,-93.283,67.98,72,0,4.61,US,1717300492
466,cabedelo,-6.9811,-34.8339,74.07,85,18,11.03,BR,1717300665
467,fort bragg,35.139,-79.006,71.74,65,0,6.91,US,1717300665
468,darasun,51.6667,114.0,81.48,16,54,5.75,RU,1717300665
469,marsabit,2.3284,37.9899,63.52,86,97,15.01,KE,1717300665
470,mount pearl,47.5166,-52.7813,52.74,98,100,17.27,CA,1717300665
471,gasa,31.5,34.4667,71.65,79,0,6.02,PS,1717300611
472,hasaki,35.7333,140.8333,73.8,71,100,8.7,JP,1717300666
473,rio grande,-32.035,-52.0986,57.94,88,49,5.86,BR,1717300666
474,puerto lempira,15.2667,-83.7667,78.76,89,100,8.32,HN,1717300666
475,lashio,22.9333,97.75,77.97,84,98,3.42,MM,1717300666
476,tokar,18.4254,37.729,82.44,55,3,3.24,SD,1717300666
477,el calafate,-50.3408,-72.2768,31.71,86,81,3.94,AR,1717300666
478,north bend,43.4065,-124.2243,60.24,94,100,8.05,US,1717300666
479,belyy yar,53.6039,91.3903,58.89,44,0,4.47,RU,1717300667
480,sabha,27.0377,14.4283,82.17,36,3,13.18,LY,1717300667
481,cabo san lucas,22.8909,-109.9124,79.61,65,89,15.52,MX,1717300402
482,sitka,57.0531,-135.33,51.69,71,100,5.75,US,1717300667
483,sault ste. marie,46.5168,-84.3333,62.89,65,100,5.75,CA,1717300580
484,ulsteinvik,62.3432,5.8487,55.31,85,3,4.0,NO,1717300667
485,tonghae,37.5439,129.1069,59.85,82,96,4.92,KR,1717300667
486,castelli,-25.9468,-60.6195,66.38,62,98,6.96,AR,1717300667
487,narvik,68.4384,17.4272,51.39,96,100,4.18,NO,1717300668
488,brigantine,39.4101,-74.3646,67.01,71,0,4.61,US,1717300668
489,naraina,26.7833,75.2,97.57,28,0,12.28,IN,1717300668
490,ola,59.5833,151.2833,61.14,47,86,11.52,RU,1717300668
491,pancota,46.3333,21.7,61.02,87,8,5.66,RO,1717300668
492,prince rupert,54.3161,-130.3201,53.69,72,40,6.91,CA,1717300668
493,karacoban,39.3492,42.1124,55.27,69,0,3.65,TR,1717300668
494,istgah-e rah ahan-e garmsar,35.2346,52.3094,89.38,17,0,4.72,IR,1717300668
495,nagqu,31.5,92.0,50.11,56,100,13.31,CN,1717300669
496,puerto baquerizo moreno,-0.9,-89.6,70.27,87,87,8.14,EC,1717300669
497,gordonvale,-17.0936,145.7842,87.91,79,58,5.01,AU,1717300669
498,tanout,14.9709,8.8879,86.23,34,99,3.51,NE,1717300669
499,imbituba,-28.24,-48.6703,58.39,94,28,9.78,BR,1717300588
500,calama,-22.4667,-68.9333,48.69,10,0,18.41,CL,1717300412
501,oeiras do para,-2.0031,-49.8544,74.14,98,41,3.44,BR,1717300670
502,nova vicosa,-17.8919,-39.3719,75.76,71,79,14.09,BR,1717300670
503,la ronge,55.1001,-105.2842,44.85,70,75,11.5,CA,1717300670
504,general acha,-37.377,-64.6043,51.78,31,98,6.62,AR,1717300670
505,nikolayevsk-on-amure,53.1406,140.73,52.21,37,9,11.01,RU,1717300670
506,mukalla,14.5425,49.1242,84.27,81,1,3.22,YE,1717300670
507,popondetta,-8.7537,148.2534,87.24,64,42,6.44,PG,1717300671
508,vuktyl,63.8567,57.3094,46.98,59,78,5.35,RU,1717300671
509,onguday,50.75,86.15,63.34,39,5,3.49,RU,1717300671
510,achinsk,56.2694,90.4993,56.97,46,13,5.61,RU,1717300671
511,mareeba,-17.0,145.4333,83.44,61,34,1.92,AU,1717300671
512,chagoda,59.164,35.3285,64.98,82,95,3.89,RU,1717300671
513,dunbar,38.3606,-81.7374,67.57,85,100,1.01,US,1717300533
514,recani,31.2846,-4.2688,78.71,25,5,6.62,MA,1717300671
515,noosa heads,-26.3833,153.15,72.1,45,72,4.83,AU,1717300672
516,slave lake,55.2834,-114.769,58.98,55,0,6.91,CA,1717300596
517,saint-francois,46.4154,3.9054,54.84,95,100,6.91,FR,1717300672
518,kariya,34.9833,136.9833,75.69,81,99,2.37,JP,1717300672
519,cazorla,37.915,-3.0034,60.82,79,5,4.81,ES,1717300672
520,anisoc,1.8658,10.7689,70.88,99,100,1.25,GQ,1717300672
521,general conesa,-40.1,-64.4333,46.71,37,70,9.46,AR,1717300673
522,sanandaj,35.3144,46.9923,50.02,62,0,0.0,IR,1717300673
523,san pedro pochutla,15.7333,-96.4667,80.71,82,100,2.24,MX,1717300673
524,dahab,28.501,34.5134,84.45,32,0,12.24,EG,1717300673
525,tamanrasset,22.785,5.5228,71.51,23,0,0.0,DZ,1717300673
526,sena madureira,-9.0656,-68.6569,69.57,79,0,0.6,BR,1717300402
527,coari,-4.085,-63.1414,73.67,97,11,1.88,BR,1717300673
528,mapimi,25.8167,-103.85,82.99,30,23,7.47,MX,1717300674
529,cabinda,-5.55,12.2,75.34,88,0,4.61,AO,1717300674
530,santo antonio do ica,-3.1022,-67.9397,72.5,97,87,1.1,BR,1717300674
531,kornik,52.2477,17.0895,62.19,98,61,3.11,PL,1717300674
532,bodo,67.28,14.405,50.77,93,100,4.61,NO,1717300674
533,zinjibar,13.1287,45.3807,86.92,77,17,6.85,YE,1717300674
534,broome,42.2506,-75.833,60.67,70,93,1.83,US,1717300674
535,geraldton,-28.7667,114.6,70.21,43,96,19.57,AU,1717300512
536,nar'yan-mar,67.6713,53.087,32.16,88,84,4.52,RU,1717300641
537,oliver,49.1831,-119.5524,69.71,43,98,4.61,CA,1717300675
538,manismata,-2.4667,111.0333,87.78,67,100,2.48,ID,1717300675
539,hadibu,12.65,54.0333,83.77,76,100,11.12,YE,1717300675
540,kende,11.5197,4.2603,86.67,56,69,6.29,NG,1717300675
541,mermoz boabab,14.7065,-17.4758,70.36,80,1,15.86,SN,1717300676
542,mel'nikovo,56.5558,84.085,61.25,49,31,8.57,RU,1717300676
543,rio preto da eva,-2.6994,-59.6997,73.35,99,28,0.85,BR,1717300676
544,ialibu,-6.2821,143.9935,68.5,85,97,3.62,PG,1717300676
545,mesquite,32.7668,-96.5992,73.72,90,0,0.0,US,1717300310
546,kharp,66.8014,65.8081,31.57,79,97,9.62,RU,1717300676
547,morinville,53.8001,-113.652,65.79,39,0,6.91,CA,1717300676
548,holualoa,19.6228,-155.9522,78.64,85,20,10.36,US,1717300676
549,arvika,59.6553,12.5852,63.21,94,93,4.85,SE,1717300677
550,myitkyina,25.3833,97.4,87.98,63,99,2.17,MM,1717300677
551,guelmim,28.987,-10.0574,62.94,94,0,5.75,MA,1717300677
552,kaoma,-14.7833,24.8,55.02,53,2,4.14,ZM,1717300677
553,ryotsu-minato,38.0833,138.4333,60.71,86,100,1.95,JP,1717300677
554,santa rosalia,27.3167,-112.2833,73.8,35,99,13.18,MX,1717300677
555,rikaze,29.25,88.8833,62.22,26,66,0.76,CN,1717300677
556,suva,-18.1416,178.4415,80.08,69,75,12.66,FJ,1717300606
557,contamana,-7.3333,-75.0167,70.43,73,5,1.16,PE,1717300678
558,vanimo,-2.6741,141.3028,86.41,71,34,9.15,PG,1717300678
559,beli,7.8587,10.9719,72.57,94,100,3.42,NG,1717300678
560,pacific grove,36.6177,-121.9166,61.21,84,75,8.05,US,1717300678
561,kilindoni,-7.9139,39.6668,79.74,78,13,12.82,TZ,1717300678
562,birao,10.2849,22.7882,77.65,66,76,3.53,CF,1717300678
563,ketchikan,55.3422,-131.6461,52.27,76,100,12.66,US,1717300679
